link,voice
https://www.youtube.com/watch?v=y3flwF39jKE,Hải Yến
https://www.youtube.com/watch?v=JdmW-YMu7os,Dinh Thi Tho
https://www.youtube.com/watch?v=mTHLVZlEs8g,Hoàng Yến
https://www.youtube.com/watch?v=zFd16Xbv0dg,BiBiBap
https://www.youtube.com/watch?v=AybhIIz7UpI,Cô bé Hà Nội
https://www.youtube.com/watch?v=ezflv0KMtl0,yquynh23
https://www.youtube.com/watch?v=usYwzI3Y1yE,Ara Won
https://www.youtube.com/watch?v=xkulde6WiOs,Chi
https://www.youtube.com/watch?v=jiPoq1ET2DQ,Phụng Lai
https://www.youtube.com/watch?v=e4DN2d20Aq0,Hằng Phạm
https://www.youtube.com/watch?v=YxBp_a7KUEY,Nguyễn Nhung
https://www.youtube.com/watch?v=3VllPRFCry0,Vì sao thế nhỉ?
https://www.youtube.com/watch?v=QVH_4E1Bof8,Trang Phạm & Nhịp cơ thể
https://www.youtube.com/watch?v=aejN5CJJwbA,yoa bea
https://www.youtube.com/watch?v=lLAJxlKKTno,iamhamy
https://www.youtube.com/watch?v=sFMULHPcv8M,Hả Khuất
https://www.youtube.com/watch?v=yjJnb_f3zVI,Thu Hamen Page
https://www.youtube.com/watch?v=Gt2-4h42vaw,Uyen Le Vlog
https://www.youtube.com/watch?v=KhlKwDfaPCI,Du Ngoc
https://www.youtube.com/watch?v=RdVUB-WgTfs,Tình Nguyễn
https://www.youtube.com/watch?v=SY4mWWEf3ks,Thuy Tarot
https://www.youtube.com/watch?v=Rw7X-Kn0hF4,Jenny Huynh
https://www.youtube.com/watch?v=BXH9gXK2tnE,Trương Phương
https://www.youtube.com/watch?v=o4mHuxtdi5s,VTV7
https://www.youtube.com/watch?v=8BQUHGM9tiA,Học giỏi 5p
https://www.youtube.com/watch?v=g1mQBilWmpM,Tuyển sinh 247
https://www.youtube.com/watch?v=7aGC7YuJBWc,Lê lèm bèm
https://www.youtube.com/watch?v=BTgoAG49sbE,dear cesca
https://www.youtube.com/watch?v=UyaX_rKsNA0,Dinh's day
https://www.youtube.com/watch?v=UkGC4clCk5I,TUWI NG
https://www.youtube.com/watch?v=VOA1L8xt6Tg,Kat Dairy
https://www.youtube.com/watch?v=iLhXQKRL7nE,jenmelia
https://www.youtube.com/watch?v=9dIpuldb5Ok,An Le
https://www.youtube.com/watch?v=KEBv5EJ-d2I,Phe Phim
https://www.youtube.com/watch?v=hjFk-e5grEY,Trần Quyên
https://www.youtube.com/watch?v=zKKBkZoKz6U,Học Văn Cô Sương Mai
https://www.youtube.com/watch?v=x1VLKk80h6w,Khách Ngọc
https://www.youtube.com/watch?v=e4-xrHIRbS4,Mai Chúi
https://www.youtube.com/watch?v=wuxY6EBl_Ko,SexEdu By Trang
https://www.youtube.com/watch?v=9gWyvbHrdd4,Tìzi Dích Dép
https://www.youtube.com/watch?v=kZHODjOCeqg,IELTS THÙY ANH
https://www.youtube.com/watch?v=vDf_soi0HpA,lan đọc nhiều
https://www.youtube.com/watch?v=5-UOWgWH3L8,Thi Ha Nguyen
https://www.youtube.com/watch?v=0ay5-I7WijM,Xinh Đỗ
https://www.youtube.com/watch?v=SK9joZxjROE,Tran Oanh
https://www.youtube.com/watch?v=4p0pJxYe3tQ,Thùy Dung Ofc
https://www.youtube.com/watch?v=YYN9wzkeoDU,Broo Kể Chuyện
